{"cameraMode":{"drawMode":0,"name":"Shaded","section":"Shading Mode"},"sceneLighting":false,"audioPlay":false,"sceneViewState":{"m_AlwaysRefresh":false,"showFog":true,"showSkybox":false,"showFlares":true,"showImageEffects":true,"showParticleSystems":true,"showVisualEffectGraphs":true,"m_FxEnabled":false},"in2DMode":false,"pivot":{"x":0.02479797601699829,"y":0.34394314885139468,"z":-0.028369873762130739},"rotation":{"x":-0.15174154937267304,"y":0.8483590483665466,"z":-0.335026353597641,"w":-0.3816394507884979},"size":0.5381887555122376,"orthographic":false}