{"cameraMode":{"drawMode":0,"name":"Shaded","section":"Shading Mode"},"sceneLighting":false,"audioPlay":false,"sceneViewState":{"m_AlwaysRefresh":false,"showFog":true,"showSkybox":false,"showFlares":true,"showImageEffects":true,"showParticleSystems":true,"showVisualEffectGraphs":true,"m_FxEnabled":false},"in2DMode":false,"pivot":{"x":0.32482218742370608,"y":3.6510512828826906,"z":-0.015223503112792969},"rotation":{"x":-0.18056631088256837,"y":0.8110343217849731,"z":-0.32353049516677859,"w":-0.4530249536037445},"size":4.777214527130127,"orthographic":false}