{"cameraMode":{"drawMode":0,"name":"Shaded","section":"Shading Mode"},"sceneLighting":false,"audioPlay":false,"sceneViewState":{"m_AlwaysRefresh":false,"showFog":true,"showSkybox":false,"showFlares":true,"showImageEffects":true,"showParticleSystems":true,"showVisualEffectGraphs":true,"m_FxEnabled":false},"in2DMode":false,"pivot":{"x":-16.40787696838379,"y":3.3890604972839357,"z":-35.62034606933594},"rotation":{"x":-0.014261124655604363,"y":-0.9846982955932617,"z":0.09780703485012055,"w":-0.14369924366474152},"size":2.2637903690338136,"orthographic":false}