{"cameraMode":{"drawMode":0,"name":"Shaded","section":"Shading Mode"},"sceneLighting":false,"audioPlay":false,"sceneViewState":{"m_AlwaysRefresh":false,"showFog":true,"showSkybox":false,"showFlares":true,"showImageEffects":true,"showParticleSystems":true,"showVisualEffectGraphs":true,"m_FxEnabled":false},"in2DMode":false,"pivot":{"x":-0.09920883178710938,"y":4.768507957458496,"z":0.4035205841064453},"rotation":{"x":0.12118775397539139,"y":-0.8659335374832153,"z":0.2537202835083008,"w":0.4138277769088745},"size":17.770057678222658,"orthographic":false}