{"cameraMode":{"drawMode":0,"name":"Shaded","section":"Shading Mode"},"sceneLighting":false,"audioPlay":false,"sceneViewState":{"m_AlwaysRefresh":false,"showFog":true,"showSkybox":false,"showFlares":true,"showImageEffects":true,"showParticleSystems":true,"showVisualEffectGraphs":true,"m_FxEnabled":false},"in2DMode":false,"pivot":{"x":-0.21247217059135438,"y":0.24871507287025453,"z":-0.09480336308479309},"rotation":{"x":-0.2601124048233032,"y":0.376884788274765,"z":-0.11066710203886032,"w":-0.8823978304862976},"size":0.32321682572364809,"orthographic":false}