{"cameraMode":{"drawMode":0,"name":"Shaded","section":"Shading Mode"},"sceneLighting":false,"audioPlay":false,"sceneViewState":{"m_AlwaysRefresh":false,"showFog":true,"showSkybox":false,"showFlares":true,"showImageEffects":true,"showParticleSystems":true,"showVisualEffectGraphs":true,"m_FxEnabled":false},"in2DMode":false,"pivot":{"x":0.017672747373580934,"y":0.3404417932033539,"z":0.006206870079040527},"rotation":{"x":-0.15174154937267304,"y":0.8483590483665466,"z":-0.335026353597641,"w":-0.3816394507884979},"size":0.46654602885246279,"orthographic":false}