{"cameraMode":{"drawMode":0,"name":"Shaded","section":"Shading Mode"},"sceneLighting":false,"audioPlay":false,"sceneViewState":{"m_AlwaysRefresh":false,"showFog":true,"showSkybox":false,"showFlares":true,"showImageEffects":true,"showParticleSystems":true,"showVisualEffectGraphs":true,"m_FxEnabled":false},"in2DMode":false,"pivot":{"x":-1.5646800994873047,"y":0.9336565136909485,"z":-0.04501199722290039},"rotation":{"x":-0.23791441321372987,"y":0.17988692224025727,"z":-0.04501384496688843,"w":-0.9536844491958618},"size":1.9657267332077027,"orthographic":false}