{"cameraMode":{"drawMode":0,"name":"Shaded","section":"Shading Mode"},"sceneLighting":false,"audioPlay":false,"sceneViewState":{"m_AlwaysRefresh":false,"showFog":true,"showSkybox":false,"showFlares":true,"showImageEffects":true,"showParticleSystems":true,"showVisualEffectGraphs":true,"m_FxEnabled":false},"in2DMode":false,"pivot":{"x":-6.190030097961426,"y":3.318807601928711,"z":14.184412956237793},"rotation":{"x":0.2832588851451874,"y":-0.03595349192619324,"z":0.010627172887325287,"w":0.9583107233047485},"size":3.9794580936431886,"orthographic":false}