{"cameraMode":{"drawMode":0,"name":"Shaded","section":"Shading Mode"},"sceneLighting":false,"audioPlay":false,"sceneViewState":{"m_AlwaysRefresh":false,"showFog":true,"showSkybox":false,"showFlares":true,"showImageEffects":true,"showParticleSystems":true,"showVisualEffectGraphs":true,"m_FxEnabled":false},"in2DMode":false,"pivot":{"x":0.05362223833799362,"y":0.3636475205421448,"z":-0.0021291375160217287},"rotation":{"x":-0.3257512152194977,"y":0.17192673683166505,"z":-0.05995333567261696,"w":-0.9280660152435303},"size":0.5585501194000244,"orthographic":false}