{"cameraMode":{"drawMode":0,"name":"Shaded","section":"Shading Mode"},"sceneLighting":false,"audioPlay":false,"sceneViewState":{"m_AlwaysRefresh":false,"showFog":true,"showSkybox":false,"showFlares":true,"showImageEffects":true,"showParticleSystems":true,"showVisualEffectGraphs":true,"m_FxEnabled":true},"in2DMode":false,"pivot":{"x":3.416785478591919,"y":1.1976336240768433,"z":5.0032830238342289},"rotation":{"x":0.0018103166949003935,"y":0.9949299097061157,"z":-0.09882093220949173,"w":0.018205806612968446},"size":0.1687612682580948,"orthographic":false}