{"cameraMode":{"drawMode":0,"name":"Shaded","section":"Shading Mode"},"sceneLighting":true,"audioPlay":false,"sceneViewState":{"m_AlwaysRefresh":false,"showFog":true,"showSkybox":false,"showFlares":true,"showImageEffects":true,"showParticleSystems":true,"showVisualEffectGraphs":true,"m_FxEnabled":false},"in2DMode":false,"pivot":{"x":-16.56999969482422,"y":20.450000762939454,"z":29.940000534057618},"rotation":{"x":-0.12036675959825516,"y":0.34880486130714419,"z":-0.04542773589491844,"w":-0.9284088015556336},"size":2.5946109294891359,"orthographic":false}