{"cameraMode":{"drawMode":0,"name":"Shaded","section":"Shading Mode"},"sceneLighting":false,"audioPlay":false,"sceneViewState":{"m_AlwaysRefresh":false,"showFog":true,"showSkybox":false,"showFlares":true,"showImageEffects":true,"showParticleSystems":true,"showVisualEffectGraphs":true,"m_FxEnabled":false},"in2DMode":false,"pivot":{"x":0.23137402534484864,"y":4.8554229736328129,"z":-0.06557059288024903},"rotation":{"x":0.36177653074264529,"y":-0.0916060134768486,"z":0.03578904643654823,"w":0.9272423982620239},"size":6.448078632354736,"orthographic":false}