{"cameraMode":{"drawMode":0,"name":"Shaded","section":"Shading Mode"},"sceneLighting":false,"audioPlay":false,"sceneViewState":{"m_AlwaysRefresh":false,"showFog":true,"showSkybox":false,"showFlares":true,"showImageEffects":true,"showParticleSystems":true,"showVisualEffectGraphs":true,"m_FxEnabled":false},"in2DMode":false,"pivot":{"x":1.5654430389404297,"y":0.9351874589920044,"z":-0.04500649869441986},"rotation":{"x":-0.23791441321372987,"y":0.17988692224025727,"z":-0.04501384496688843,"w":-0.9536844491958618},"size":1.9742119312286378,"orthographic":false}