{"cameraMode":{"drawMode":0,"name":"Shaded","section":"Shading Mode"},"sceneLighting":false,"audioPlay":false,"sceneViewState":{"m_AlwaysRefresh":false,"showFog":true,"showSkybox":false,"showFlares":true,"showImageEffects":true,"showParticleSystems":true,"showVisualEffectGraphs":true,"m_FxEnabled":true},"in2DMode":false,"pivot":{"x":5.558847427368164,"y":3.9284472465515138,"z":0.4091254770755768},"rotation":{"x":0.022097604349255563,"y":-0.18782906234264375,"z":0.004226979333907366,"w":0.9819430708885193},"size":2.4547502994537355,"orthographic":false}